key,value,unit,source_name,source_url,pull_date,page_ref,reliability,status,note
indigo_yield_inr_per_rpk_fy2026,5.06,INR per RPK,"IndiGo Q4 & FY2026 results press release (primary, company issued)",https://www.goindigo.in/press-releases/indigo-fy2026-capacity-and-income-growth.html,8/17/2026,"Revenue and Cost Comparisons, full year Mar'26 table",H,CORRECTED_VERIFIED,"REBASED to FY2026 (year ended Mar'26): yield INR 5.06 per RPK, down 1.7 percent from FY2025's 5.15. Q4 FY26 alone was 5.20. Original sheet value was 5.33, which matched no published period; the closest figure is Q4 FY25 at 5.32."
indigo_rask_inr_per_ask_fy2026,4.99,INR per ASK,"IndiGo Q4 & FY2026 results press release (primary, company issued)",https://www.goindigo.in/press-releases/indigo-fy2026-capacity-and-income-growth.html,8/17/2026,"Revenue and Cost Comparisons, full year Mar'26 table",H,CORRECTED_VERIFIED,"REBASED to FY2026: RASK INR 4.99 per ASK, down 3.0 percent from FY2025's 5.14, net of finance income of INR 35,304 mn. Q4 FY26 was 5.30. Original value 4.51 was not RASK at all - it is IndiGo's Q4 FY25 CASK."
indigo_cask_inr_per_ask_fy2026,5.0,INR per ASK,"IndiGo Q4 & FY2026 results press release (primary, company issued)",https://www.goindigo.in/press-releases/indigo-fy2026-capacity-and-income-growth.html,8/17/2026,"Total expenses, full year Mar'26 CASK table",H,CORRECTED_VERIFIED,"REBASED to FY2026: CASK INR 5.00 per ASK, up 7.2 percent from FY2025's 4.66. This now sits ABOVE RASK of 4.99 - FY2026 unit economics are loss-making at the operating line as reported, driven by non-fuel cost up 27.8 percent while fuel cost fell 3.1 percent. That inversion is the headline of the cost bridge. Original value was 4.73."
indigo_cask_exfuel_inr_per_ask_fy2026,3.52,INR per ASK,"IndiGo Q4 & FY2026 results press release (primary, company issued)",https://www.goindigo.in/press-releases/indigo-fy2026-capacity-and-income-growth.html,8/17/2026,"Total expenses, full year Mar'26 CASK table",H,CORRECTED_VERIFIED,"REBASED to FY2026: CASK ex fuel INR 3.52 per ASK (FY2025: 3.00). Ex fuel ex forex is 3.00 versus 2.89 - so only about 0.11 of the 0.52 increase is genuine non-fuel inflation and the rest is forex. Use 3.00 ex-forex if the scenario runs a separate FX lever, otherwise you double-count. FY2026 fuel cost was INR 253,892 mn of total cost INR 896,775 mn. Original value was 3.20."
indigo_revenue_fy2025_inr_cr,80803.0,INR crore,"IndiGo Q4 & FY2025 results press release (primary, company issued)",https://www.goindigo.in/press-releases/indigo-reported-its-fourth-quarter-and-fiscal-year-2025-results.html,8/17/2026,"Revenue and Cost Comparisons, full year Mar'25 table",H,VERIFIED,"VERIFIED against the primary release: revenue from operations for year ended Mar'25 was INR 808,029 mn = INR 80,803 cr. Exact match. Total income including other income of INR 32,953 mn was INR 840,982 mn - use revenue from operations, not total income, for consistency with FY2026 in row 8."
indigo_operating_profit_fy2025_inr_cr,21252.0,INR crore,"IndiGo Q4 & FY2025 results press release (primary, company issued)",https://www.goindigo.in/press-releases/indigo-reported-its-fourth-quarter-and-fiscal-year-2025-results.html,8/17/2026,"FY2025 highlights, EBITDAR line",H,CORRECTED_VERIFIED,"METRIC REPLACED, not merely reverified. The old 18,050 cr was an aggregator convention IndiGo does not publish, so it was unverifiable by construction. Substituted with the company reported figure: EBITDAR of INR 212,520 mn = 21,252 cr, a 26.3 percent margin on revenue from operations. Net profit was INR 72,584 mn. Use EBITDAR margin as the profit pool anchor and state the definition on the chart."
indigo_revenue_fy2026_inr_cr,84962.0,INR crore,"IndiGo Q4 & FY2026 results press release (primary, company issued)",https://www.goindigo.in/press-releases/indigo-fy2026-capacity-and-income-growth.html,8/17/2026,"Revenue and Cost Comparisons, full year Mar'26 table",H,VERIFIED,"VERIFIED against the primary release: revenue from operations for year ended Mar'26 was INR 849,619 mn = INR 84,962 cr, up 5.1 percent. Exact match. Total income was INR 895,134 mn (+6.4 percent), helped by other income up 38 percent, so the revenue line understates reported growth."
indigo_operating_profit_fy2026_inr_cr,23189.0,INR crore,"IndiGo Q4 & FY2026 results press release (primary, company issued)",https://www.goindigo.in/press-releases/indigo-fy2026-capacity-and-income-growth.html,8/17/2026,"FY2026 highlights, EBITDAR excluding forex",H,CORRECTED_VERIFIED,"METRIC REPLACED. EBITDAR excluding forex of INR 231,889 mn = 23,189 cr, a 27.3 percent margin, UP from 26.3 percent in FY2025. The margin did not halve; the earlier claim that it did is retracted in docs/methodology.md. The reported full-year net loss of about INR 23,936 mn is non-operating: a Q4 forex loss near INR 48,230 mn on USD lease liabilities plus an exceptional labour-code provision of INR 2,499 mn."
air_india_yield_inr_per_rpk,,INR per RPK,Not publicly filed,,8/17/2026,,L,NOT_AVAILABLE,Air India is unlisted and files no exchange results. Partial visibility only via Singapore Airlines 25.1 percent stake disclosures. Long haul yield must be proxied and the proxy labelled on the chart.
gulf_carrier_yield_inr_per_rpk,9.924,INR per RPK,"Emirates Group 2025-26 annual results release, converted at FBIL 14-Aug-2026",https://www.emirates.com/media-centre/emirates-group-achieves-record-profit-of-aed-244-bn-us-66-bn-in-2025-26/,2026-08-17,"Emirates airline performance, passenger yield line",H,CORRECTED_VERIFIED,"Emirates publishes passenger yield directly at 38.1 fils (10.4 US cents) per RPKM, up 4 percent, on 53.2 mn passengers and a 78.4 percent seat factor. Converted: 0.104 USD x 95.4263 = 9.924 INR per RPK. Against IndiGo FY2026 yield of 5.06 that is roughly double. DO NOT read the whole gap as the connect premium: Emirates carries substantial premium cabins where IndiGo is all-economy, and network mix differs. It bounds the prize rather than measuring it. Note also that yield per RPK normally FALLS with stage length, so a long-haul carrier earning double a short-haul carrier per km is a large gap even after allowing for cabin mix."
atf_price_inr_per_kl_delhi,104927.0,INR per kilolitre,"IndianOil aviation fuel price page (primary, IOCL is the publisher)",https://iocl.com/aviation-fuel,2026-08-17,"ATF Prices in Metros (Rupees/Kl) for Scheduled Domestic Airlines, effective 1 Apr 2026",H,VERIFIED,"INR 104,927 per kilolitre, Delhi, scheduled domestic airlines, effective 1 April 2026. Other metros the same date: Kolkata 109,450, Mumbai 98,247, Chennai 109,873. Delhi is the lowest of the four largely because Delhi cut VAT on ATF from 25 to 7 percent, so a national average would be materially higher than this figure; state which basis the fuel lever uses. Note there is a separate USD-denominated price for domestic carriers on international runs (Delhi 1,690.81 per kL on the same date), which is the relevant one for international sectors. For the historical series the intended route was the data.gov.in effective-date-wise IOCL ATF dataset (resource ids 20c8db40-d4b8-4c69-b7e5-a6fa3fd24d05 and e3b19e4d-e287-4d32-b53d-70e9617c7770), but api.data.gov.in returned HTTP 502 on every attempt on 2026-08-17. IOCL publishes its own monthly history at iocl.com/atf-domestic-airlines-on-international, which is a primary source and does not need an API key at all."
usd_inr_rate,95.4263,INR per USD,"FBIL USD/INR Reference Rate, via NSE reference-rate statistics",https://www.nseindia.com/report-detail/rbi-reference-rate-statistics,2026-08-17,"Reference rate-FBIL table, trade date 14-Aug-2026",H,VERIFIED,"FBIL reference rate for 14-Aug-2026: 95.4263 INR per USD. RBI stopped publishing its own reference rate on 10 July 2018; FBIL is the successor benchmark, published every weekday around 13:30 IST. Cross-checked against fbil.org.in, which shows 95.2173 for 07-Aug where NSE shows 95.2135, a 0.004 percent difference from rounding or snapshot timing. Immaterial here but recorded. Any figure converted with this rate must state the date, because FY2026 rupee depreciation is large enough to move conversions materially."
widebody_seats_a350_900,,seats,Airbus aircraft characteristics,https://www.airbus.com/en/products-services/commercial-aircraft/passenger-aircraft/a350-family,8/17/2026,,H,VALUE_MISSING,"Link is a marketing product page, not the characteristics document - it will not give you a seat count you can cite. Use the Airbus A350 Aircraft Characteristics - Airport and Maintenance Planning manual for cabin layouts. Airbus's own order press release describes the A350 as the long-range leader in the 300-410 seat category (https://www.airbus.com/en/newsroom/press-releases/2024-12-air-india-discloses-100-airbus-aircraft-order-and-services-contract), so a three-class A350-900 in the low 300s is the defensible planning number. State the configuration assumed."
widebody_seats_b787_9,,seats,Boeing 787 airplane characteristics,https://www.boeing.com/commercial/787,8/17/2026,,H,VALUE_MISSING,"Same issue as row 14 - boeing.com/commercial/787 is a product page, not a spec source. Use Boeing's 787 Airplane Characteristics for Airport Planning document for the two-class layout, and label the configuration used."
air_india_widebody_on_order,80.0,aircraft,"Air India newsroom order confirmation, plus Boeing investor release 20 Jun 2023",https://www.airindia.com/in/en/newsroom/press-release/airbus-boeing-orders-confirmed.html,2026-08-17,Firm order composition; Boeing release confirms the widebody split,H,CORRECTED_VERIFIED,"80 widebody aircraft on firm order, built up from two primary sources rather than a reported total. The 2023 firm order of 470 contains 70 widebodies: 34 A350-1000 plus 6 A350-900 (Air India newsroom), and 20 Boeing 787 plus 10 Boeing 777X (confirmed independently by the Boeing investor release of 20 June 2023, which states 190 737 MAX, 20 787 and 10 777X with options for 50 more). The December 2024 order added 10 more A350, giving 50 A350 in total and 80 widebodies overall. The narrowbody remainder of both orders is deliberately excluded: this row exists to size long-haul capacity."
indigo_a350_on_order,60.0,aircraft,"Airbus press release, October 2025",https://www.airbus.com/en/newsroom/press-releases/2025-10-indigo-places-firm-order-for-30-additional-a350-900-airbus,2026-08-17,Order announcement and running total,H,CORRECTED_VERIFIED,"60 A350-900 on FIRM order. Airbus states outright that the October 2025 order for 30 additional aircraft brings the total to 60. This is the firm figure only: IndiGo secured 70 purchase rights alongside its first 30-aircraft order in April 2025 and converted 30 of them, so 40 purchase rights remain outstanding. Options must be charted separately from firm orders and labelled as options, because a purchase right is not capacity. Link now points at the specific release rather than the Airbus newsroom index, which drifts."
aircraft_utilisation_hours_per_day,,hours,IndiGo and Air India reported fleet utilisation,,8/17/2026,,M,VALUE_MISSING_NO_SOURCE,"No source_url on this row at all, so nothing to verify. Utilisation is not in IndiGo's press releases; take it from the IndiGo annual report operating statistics or DGCA monthly data and record the period. For scale, IndiGo flew 441 aircraft and 2,241 peak daily flights as of 31 Mar 2026."
gulf_hub_connect_premium_pct,,percent,Modeled,,8/17/2026,,L,MODELED,"Unchanged - genuinely modeled, no source expected. Status set to MODELED rather than NOT_AVAILABLE so it is not confused with row 10, where a real figure exists but is not disclosed. Keep the modeled label on any chart."
